dataset,test_accuracy
5,0.8829268292682927
16,0.9170731707317074
19,0.9707317073170731
24,0.8536585365853658
36,0.8682926829268293
44,0.926829268292683
53,0.9951219512195122
57,0.975609756097561
60,0.8731707317073171
65,0.9170731707317074
68,0.8536585365853658
69,0.926829268292683
70,0.8585365853658536
81,0.8439024390243902
82,1.0
85,0.9902439024390244
89,0.8341463414634146
107,0.8634146341463415
112,0.9170731707317074
118,0.8682926829268293
