dataset,test_accuracy
5,0.9317073170731708
16,0.9609756097560975
19,1.0
24,0.9121951219512195
36,0.8829268292682927
44,0.9658536585365853
53,1.0
57,1.0
60,0.9658536585365853
65,0.9414634146341463
68,0.8975609756097561
69,0.9609756097560975
70,0.8878048780487805
81,0.8975609756097561
82,1.0
85,1.0
89,0.9121951219512195
107,0.9170731707317074
112,0.9414634146341463
118,0.9707317073170731
