dataset,test_accuracy
5,0.9560975609756097
16,0.9707317073170731
19,0.9804878048780488
24,0.8926829268292683
36,0.926829268292683
44,0.9658536585365853
53,0.9902439024390244
57,1.0
60,0.9170731707317074
65,0.9707317073170731
68,0.9219512195121952
69,0.975609756097561
70,0.8829268292682927
81,0.9317073170731708
82,1.0
85,1.0
89,0.8975609756097561
107,0.9414634146341463
112,0.9073170731707317
118,0.975609756097561
