dataset,test_accuracy
5,0.9365853658536586
16,0.9804878048780488
19,1.0
24,0.926829268292683
36,0.8975609756097561
44,0.9707317073170731
53,1.0
57,1.0
60,0.9658536585365853
65,0.975609756097561
68,0.8731707317073171
69,0.9609756097560975
70,0.8634146341463415
81,0.8926829268292683
82,0.9658536585365853
85,1.0
89,0.9121951219512195
107,0.9317073170731708
112,0.9560975609756097
118,0.9658536585365853
